Year,Make,Make,Model,Engine,No_Of_Cylinder,Size,Fuel_Type,No_Of_Cylinder,Fuel_Type
2015,Acura,ACURA,ILX,4-1997 2.0L SOHC,4,2.0L,,4,
2015,Acura,ACURA,ILX,4-2354 2.4L DOHC,4,2.4L,,4,
2015,Acura,ACURA,MDX,V6-3471 3.5L SOHC,6,3.5L,,6,
2015,Acura,ACURA,RDX,V6-3471 3.5L SOHC,6,3.5L,,6,
2015,Acura,ACURA,RLX,V6-3474 3.5L SOHC,6,3.5L,,6,
2015,Acura,ACURA,RLX HYBRID,V6-3474 3.5L SOHC,6,3.5L,Hybrid,6,Hybrid
2015,Acura,ACURA,TLX,4-2354 2.4L DOHC,4,2.4L,,4,
2015,Acura,ACURA,TLX,V6-3474 3.5L SOHC,6,3.5L,,6,
2015,Alfa Romeo,ALFA ROMEO,4C,4-1750 1.8L DOHC,4,1.8L,,4,
2015,Aston Martin,ASTON MARTIN,DB9,12-5935 6.0L,12,6.0L,,12,
2015,Aston Martin,ASTON MARTIN,RAPIDE,12-5935 6.0L,12,6.0L,,12,
2015,Aston Martin,ASTON MARTIN,V12 VANTAGE,12-5935 6.0L,12,6.0L,,12,
2015,Aston Martin,ASTON MARTIN,V8 VANTAGE,V8-4735 4.7L,8,4.7L,,8,
2015,Aston Martin,ASTON MARTIN,VANQUISH,12-5935 6.0L,12,6.0L,,12,
2015,Audi,AUDI,A3,4-1798 1.8L DOHC,4,1.8L,,4,
2015,Audi,AUDI,A3,4-1968 2.0L Dsl,4,2.0L,Diesel,4,Diesel
2015,Audi,AUDI,A3,4-1984 2.0L DOHC,4,2.0L,,4,
2015,Audi,AUDI,A4,4-1984 2.0L DOHC,4,2.0L,,4,
2015,Audi,AUDI,A5,4-1984 2.0L DOHC,4,2.0L,,4,
2015,Audi,AUDI,A6,4-1984 2.0L DOHC,4,2.0L,,4,
2015,Audi,AUDI,A6,V6-2967 3.0L Dsl,6,3.0L,Diesel,6,Diesel
2015,Audi,AUDI,A6,V6-2995 3.0L DOHC,6,3.0L,,6,
2015,Audi,AUDI,A7,V6-2967 3.0L Dsl,6,3.0L,Diesel,6,Diesel
2015,Audi,AUDI,A7,V6-2995 3.0L DOHC,6,3.0L,,6,
2015,Audi,AUDI,A8,12-6299 6.3L DOHC,12,6.3L,,12,
2015,Audi,AUDI,A8,V6-2967 3.0L Dsl,6,3.0L,Diesel,6,Diesel
2015,Audi,AUDI,A8,V6-2995 3.0L DOHC,6,3.0L,,6,
2015,Audi,AUDI,A8,V8-3993 4.0L DOHC,8,4.0L,,8,
2015,Audi,AUDI,ALLROAD,4-1984 2.0L DOHC,4,2.0L,,4,
2015,Audi,AUDI,Q3,4-1984 2.0L DOHC,4,2.0L,,4,
2015,Audi,AUDI,Q5,4-1984 2.0L DOHC,4,2.0L,,4,
2015,Audi,AUDI,Q5,V6-2967 3.0L Dsl,6,3.0L,Diesel,6,Diesel
2015,Audi,AUDI,Q5,V6-2995 3.0L DOHC,6,3.0L,,6,
2015,Audi,AUDI,Q5 HYBRID,4-1984 2.0L DOHC,4,2.0L,Hybrid,4,Hybrid
2015,Audi,AUDI,Q7,V6-2967 3.0L Dsl,6,3.0L,Diesel,6,Diesel
2015,Audi,AUDI,Q7,V6-2995 3.0L DOHC,6,3.0L,,6,
2015,Audi,AUDI,R8,10-5204 5.2L DOHC,10,5.2L,,10,
2015,Audi,AUDI,R8,V8-4163 4.2L DOHC,8,4.2L,,8,
2015,Audi,AUDI,RS5,V8-4163 4.2L DOHC,8,4.2L,,8,
2015,Audi,AUDI,RS7,V8-3993 4.0L DOHC,8,4.0L,,8,
2015,Audi,AUDI,S3,4-1984 2.0L DOHC,4,2.0L,,4,
2015,Audi,AUDI,S4,V6-2995 3.0L DOHC,6,3.0L,,6,
2015,Audi,AUDI,S5,V6-2995 3.0L DOHC,6,3.0L,,6,
2015,Audi,AUDI,S6,V8-3993 4.0L DOHC,8,4.0L,,8,
2015,Audi,AUDI,S7,V8-3993 4.0L DOHC,8,4.0L,,8,
2015,Audi,AUDI,S8,V8-3993 4.0L DOHC,8,4.0L,,8,
2015,Audi,AUDI,SQ5,V6-2995 3.0L DOHC,6,3.0L,,6,
2015,Audi,AUDI,TT,4-1984 2.0L DOHC,4,2.0L,,4,
2015,Audi,AUDI,TTS,4-1984 2.0L DOHC,4,2.0L,,4,
2015,Bentley,BENTLEY,CONTINENTAL,12-5998 6.0L,12,6.0L,,12,
2015,Bentley,BENTLEY,CONTINENTAL,V8-3993 4.0L DOHC,8,4.0L,,8,
2015,Bentley,BENTLEY,FLYING SPUR,12-5998 6.0L,12,6.0L,,12,
2015,Bentley,BENTLEY,FLYING SPUR,V8-3993 4.0L DOHC,8,4.0L,,8,
2015,Bentley,BENTLEY,MULSANNE,V8-6750 6.7L,8,6.7L,,8,
2015,Blue Bird,BLUE BIRD,ALL AMERICAN T3 FE,6-409  6.7L Dsl,6,6.7L,Diesel,6,Diesel
2015,Blue Bird,BLUE BIRD,ALL AMERICAN T3 RE,6-409  6.7L Dsl,6,6.7L,Diesel,6,Diesel
2015,Blue Bird,BLUE BIRD,ALL AMERICAN T3 RE,6-544  8.9L Dsl,6,8.9L,Diesel,6,Diesel
2015,Blue Bird,BLUE BIRD,ALL AMERICAN T3 RE,6-544 8.9L CNG,6,8.9L,Natual Gas,6,Natual Gas
2015,Blue Bird,BLUE BIRD,VISION,6-409  6.7L Dsl,6,6.7L,Diesel,6,Diesel
2015,Blue Bird,BLUE BIRD,VISION,V10-415 6.8L SOHC,10,6.8L,,10,
2015,BMW,BMW,228 Series,4-1997 2.0L DOHC,4,2.0L,,4,
2015,BMW,BMW,320i/iA,4-1997 2.0L DOHC,4,2.0L,,4,
2015,BMW,BMW,328 Series,4-1997 2.0L DOHC,4,2.0L,,4,
2015,BMW,BMW,328 Series,4-2000 2.0L Dsl,4,2.0L,Diesel,4,Diesel
2015,BMW,BMW,335 Series,6-2979 3.0L DOHC,6,3.0L,,6,
2015,BMW,BMW,428 Series,4-1997 2.0L DOHC,4,2.0L,,4,
2015,BMW,BMW,435 Series,6-2979 3.0L DOHC,6,3.0L,,6,
2015,BMW,BMW,528i/iA,4-1997 2.0L DOHC,4,2.0L,,4,
2015,BMW,BMW,535 Series,6-2979 3.0L DOHC,6,3.0L,,6,
2015,BMW,BMW,535 Series,6-2993 3.0L Dsl,6,3.0L,Diesel,6,Diesel
2015,BMW,BMW,550 Series,V8-4395 4.4L DOHC,8,4.4L,,8,
2015,BMW,BMW,640 Series,6-2979 3.0L DOHC,6,3.0L,,6,
2015,BMW,BMW,650 Series,V8-4395 4.4L DOHC,8,4.4L,,8,
2015,BMW,BMW,740 Series,6-2979 3.0L DOHC,6,3.0L,,6,
2015,BMW,BMW,740 Series,6-2993 3.0L Dsl,6,3.0L,Diesel,6,Diesel
2015,BMW,BMW,750 Series,V8-4395 4.4L DOHC,8,4.4L,,8,
2015,BMW,BMW,760 Series,12-5972 6.0L DOHC,12,6.0L,,12,
2015,BMW,BMW,ACTIVEHYBRID 3,6-2979 3.0L DOHC,6,3.0L,Hybrid,6,Hybrid
2015,BMW,BMW,ACTIVEHYBRID 5,6-2979 3.0L DOHC,6,3.0L,Hybrid,6,Hybrid
2015,BMW,BMW,ACTIVEHYBRID 7,6-2979 3.0L DOHC,6,3.0L,Hybrid,6,Hybrid
2015,BMW,BMW,ALPINA B6,V8-4395 4.4L DOHC,8,4.4L,,8,
2015,BMW,BMW,ALPINA B7,V8-4395 4.4L DOHC,8,4.4L,,8,
2015,BMW,BMW,M235i,6-2979 3.0L DOHC,6,3.0L,,6,
2015,BMW,BMW,M3,6-2979 3.0L DOHC,6,3.0L,,6,
2015,BMW,BMW,M4,6-2979 3.0L DOHC,6,3.0L,,6,
2015,BMW,BMW,M5,V8-4395 4.4L DOHC,8,4.4L,,8,
2015,BMW,BMW,M6,V8-4395 4.4L DOHC,8,4.4L,,8,
2015,BMW,BMW,X1,4-1997 2.0L DOHC,4,2.0L,,4,
2015,BMW,BMW,X1,6-2979 3.0L DOHC,6,3.0L,,6,
2015,BMW,BMW,X3,4-1997 2.0L DOHC,4,2.0L,,4,
2015,BMW,BMW,X3,4-2000 2.0L Dsl,4,2.0L,Diesel,4,Diesel
2015,BMW,BMW,X3,6-2979 3.0L DOHC,6,3.0L,,6,
2015,BMW,BMW,X4,4-1997 2.0L DOHC,4,2.0L,,4,
2015,BMW,BMW,X4,6-2979 3.0L DOHC,6,3.0L,,6,
2015,BMW,BMW,X5,6-2979 3.0L DOHC,6,3.0L,,6,
2015,BMW,BMW,X5,6-2993 3.0L Dsl,6,3.0L,Diesel,6,Diesel
2015,BMW,BMW,X5,V8-4395 4.4L DOHC,8,4.4L,,8,
2015,BMW,BMW,X6,6-2979 3.0L DOHC,6,3.0L,,6,
2015,BMW,BMW,X6,V8-4395 4.4L DOHC,8,4.4L,,8,
2015,BMW,BMW,Z4,4-1997 2.0L DOHC,4,2.0L,,4,
2015,BMW,BMW,Z4,6-2979 3.0L DOHC,6,3.0L,,6,
2015,BMW,BMW,i8,3-1499 1.5L DOHC,3,1.5L,,3,
2015,Bugatti,BUGATTI,VEYRON 16.4,16-7993 8.0L,16,8.0L,,16,
2015,Buick,BUICK,ENCLAVE,V6-3564 3.6L DOHC,6,3.6L,,6,
2015,Buick,BUICK,ENCORE,4-1364 1.4L DOHC,4,1.4L,,4,
2015,Buick,BUICK,LACROSSE,V6-3564 3.6L DOHC,6,3.6L,,6,
2015,Buick,BUICK,LACROSSE HYBRID,4-146  2.4L DOHC,4,2.4L,Hybrid,4,Hybrid
2015,Buick,BUICK,REGAL,4-146  2.4L DOHC,4,2.4L,,4,
2015,Buick,BUICK,REGAL,4-1998 2.0L DOHC,4,2.0L,,4,
2015,Buick,BUICK,REGAL HYBRID,4-146  2.4L DOHC,4,2.4L,Hybrid,4,Hybrid
2015,Buick,BUICK,VERANO,4-146  2.4L DOHC,4,2.4L,,4,
2015,Buick,BUICK,VERANO,4-1998 2.0L DOHC,4,2.0L,,4,
2015,Cadillac,CADILLAC,ATS,4-1998 2.0L DOHC,4,2.0L,,4,
2015,Cadillac,CADILLAC,ATS,4-2457 2.5L DOHC,4,2.5L,,4,
2015,Cadillac,CADILLAC,ATS,V6-3564 3.6L DOHC,6,3.6L,,6,
2015,Cadillac,CADILLAC,CTS,4-1998 2.0L DOHC,4,2.0L,,4,
2015,Cadillac,CADILLAC,CTS,V6-3564 3.6L DOHC,6,3.6L,,6,
2015,Cadillac,CADILLAC,CTS,V8-376  6.2L,8,6.2L,,8,
2015,Cadillac,CADILLAC,ELR,4-1398 1.4L DOHC,4,1.4L,,4,
2015,Cadillac,CADILLAC,ESCALADE,V8-378  6.2L,8,6.2L,,8,
2015,Cadillac,CADILLAC,ESCALADE ESV,V8-378  6.2L,8,6.2L,,8,
2015,Cadillac,CADILLAC,SRX,V6-3564 3.6L DOHC,6,3.6L,,6,
2015,Cadillac,CADILLAC,XTS,V6-3564 3.6L DOHC,6,3.6L,,6,
2015,Chevrolet,CHEVROLET,CAMARO,V6-3564 3.6L DOHC,6,3.6L,,6,
2015,Chevrolet,CHEVROLET,CAMARO,V8-376  6.2L,8,6.2L,,8,
2015,Chevrolet,CHEVROLET,CAMARO,V8-427  7.0L,8,7.0L,,8,
2015,Chevrolet,CHEVROLET,CAPRICE,V6-3564 3.6L DOHC,6,3.6L,,6,
2015,Chevrolet,CHEVROLET,CAPRICE,V8-364  6.0L,8,6.0L,,8,
2015,Chevrolet,CHEVROLET,CAPTIVA,4-146  2.4L DOHC,4,2.4L,,4,
2015,Chevrolet,CHEVROLET,CITY EXPRESS,4-2000 2.0L DOHC,4,2.0L,,4,
2015,Chevrolet,CHEVROLET,COLORADO,4-2457 2.5L DOHC,4,2.5L,,4,
2015,Chevrolet,CHEVROLET,COLORADO,V6-3564 3.6L DOHC,6,3.6L,,6,
2015,Chevrolet,CHEVROLET,CORVETTE,V8-376  6.2L,8,6.2L,,8,
2015,Chevrolet,CHEVROLET,CRUZE,4-1364 1.4L DOHC,4,1.4L,,4,
2015,Chevrolet,CHEVROLET,CRUZE,4-1796 1.8L DOHC,4,1.8L,,4,
2015,Chevrolet,CHEVROLET,CRUZE,4-1956 2.0L Dsl,4,2.0L,Diesel,4,Diesel
2015,Chevrolet,CHEVROLET,EQUINOX,4-146  2.4L DOHC,4,2.4L,,4,
2015,Chevrolet,CHEVROLET,EQUINOX,V6-3564 3.6L DOHC,6,3.6L,,6,
2015,Chevrolet,CHEVROLET,EXPRESS 2500,V8-294  4.8L,8,4.8L,,8,
2015,Chevrolet,CHEVROLET,EXPRESS 2500,V8-364  6.0L,8,6.0L,,8,
2015,Chevrolet,CHEVROLET,EXPRESS 2500,V8-403  6.6L Dsl,8,6.6L,Diesel,8,Diesel
2015,Chevrolet,CHEVROLET,EXPRESS 3500,V8-294  4.8L,8,4.8L,,8,
2015,Chevrolet,CHEVROLET,EXPRESS 3500,V8-364  6.0L,8,6.0L,,8,
2015,Chevrolet,CHEVROLET,EXPRESS 3500,V8-403  6.6L Dsl,8,6.6L,Diesel,8,Diesel
2015,Chevrolet,CHEVROLET,IMPALA,4-2457 2.5L DOHC,4,2.5L,,4,
2015,Chevrolet,CHEVROLET,IMPALA,V6-3564 3.6L DOHC,6,3.6L,,6,
2015,Chevrolet,CHEVROLET,IMPALA LIMITED,V6-3564 3.6L DOHC,6,3.6L,,6,
2015,Chevrolet,CHEVROLET,MALIBU,4-1998 2.0L DOHC,4,2.0L,,4,
2015,Chevrolet,CHEVROLET,MALIBU,4-2457 2.5L DOHC,4,2.5L,,4,
2015,Chevrolet,CHEVROLET,SILVERADO 1500 PU,V6-262  4.3L,6,4.3L,,6,
2015,Chevrolet,CHEVROLET,SILVERADO 1500 PU,V8-325  5.3L,8,5.3L,,8,
2015,Chevrolet,CHEVROLET,SILVERADO 1500 PU,V8-376  6.2L,8,6.2L,,8,
2015,Chevrolet,CHEVROLET,SILVERADO 2500HD PU,V8-364  6.0L,8,6.0L,,8,
2015,Chevrolet,CHEVROLET,SILVERADO 2500HD PU,V8-403  6.6L Dsl,8,6.6L,Diesel,8,Diesel
2015,Chevrolet,CHEVROLET,SILVERADO 3500 PU,V8-364  6.0L,8,6.0L,,8,
2015,Chevrolet,CHEVROLET,SILVERADO 3500 PU,V8-403  6.6L Dsl,8,6.6L,Diesel,8,Diesel
2015,Chevrolet,CHEVROLET,SONIC,4-1364 1.4L DOHC,4,1.4L,,4,
2015,Chevrolet,CHEVROLET,SONIC,4-1796 1.8L DOHC,4,1.8L,,4,
2015,Chevrolet,CHEVROLET,SPARK,4-1249 1.2L DOHC,4,1.2L,,4,
2015,Chevrolet,CHEVROLET,SS,V8-376  6.2L,8,6.2L,,8,
2015,Chevrolet,CHEVROLET,SUBURBAN 1500,V8-325  5.3L,8,5.3L,,8,
2015,Chevrolet,CHEVROLET,TAHOE,V8-325  5.3L,8,5.3L,,8,
2015,Chevrolet,CHEVROLET,TRAVERSE,V6-3564 3.6L DOHC,6,3.6L,,6,
2015,Chevrolet,CHEVROLET,TRAX,4-1364 1.4L DOHC,4,1.4L,,4,
2015,Chevrolet,CHEVROLET,VOLT,4-1398 1.4L DOHC,4,1.4L,,4,
2015,CHEVY-MEDIUM DUTY,CHEVY-MEDIUM DUTY,EXPRESS 4500,V8-364  6.0L,8,6.0L,,8,
2015,CHEVY-MEDIUM DUTY,CHEVY-MEDIUM DUTY,EXPRESS 4500,V8-403  6.6L Dsl,8,6.6L,Diesel,8,Diesel
2015,Chrysler,CHRYSLER,200 Series,4-2360 2.4L SOHC,4,2.4L,,4,
2015,Chrysler,CHRYSLER,200 Series,V6-3604 3.6L DOHC,6,3.6L,,6,
2015,Chrysler,CHRYSLER,300 Series,V6-3604 3.6L DOHC,6,3.6L,,6,
2015,Chrysler,CHRYSLER,300 Series,V8-345  5.7L,8,5.7L,,8,
2015,Chrysler,CHRYSLER,TOWN & COUNTRY VAN,V6-3604 3.6L DOHC,6,3.6L,,6,
2015,Dodge,DODGE,CHALLENGER,V6-3604 3.6L DOHC,6,3.6L,,6,
2015,Dodge,DODGE,CHALLENGER,V8-345  5.7L,8,5.7L,,8,
2015,Dodge,DODGE,CHALLENGER,V8-370  6.2L,8,6.2L,,8,
2015,Dodge,DODGE,CHALLENGER,V8-392  6.4L,8,6.4L,,8,
2015,Dodge,DODGE,CHARGER,V6-3604 3.6L DOHC,6,3.6L,,6,
2015,Dodge,DODGE,CHARGER,V8-345  5.7L,8,5.7L,,8,
2015,Dodge,DODGE,CHARGER,V8-370  6.2L,8,6.2L,,8,
2015,Dodge,DODGE,CHARGER,V8-392  6.4L,8,6.4L,,8,
2015,Dodge,DODGE,DART,4-1368 1.4L SOHC,4,1.4L,,4,
2015,Dodge,DODGE,DART,4-1995 2.0L DOHC,4,2.0L,,4,
2015,Dodge,DODGE,DART,4-2360 2.4L SOHC,4,2.4L,,4,
2015,Dodge,DODGE,DURANGO,V6-3604 3.6L DOHC,6,3.6L,,6,
2015,Dodge,DODGE,DURANGO,V8-345  5.7L,8,5.7L,,8,
2015,Dodge,DODGE,GRAND CARAVAN,V6-3604 3.6L DOHC,6,3.6L,,6,
2015,Dodge,DODGE,JOURNEY,4-144  2.4L DOHC,4,2.4L,,4,
2015,Dodge,DODGE,JOURNEY,V6-3604 3.6L DOHC,6,3.6L,,6,
2015,Ram,DODGE,PROMASTER 1500,4-2999 3.0L Dsl,4,3.0L,Diesel,4,Diesel
2015,Ram,DODGE,PROMASTER 1500,V6-3604 3.6L DOHC,6,3.6L,,6,
2015,Ram,DODGE,PROMASTER 2500,4-2999 3.0L Dsl,4,3.0L,Diesel,4,Diesel
2015,Ram,DODGE,PROMASTER 2500,V6-3604 3.6L DOHC,6,3.6L,,6,
2015,Ram,DODGE,PROMASTER 3500,4-2999 3.0L Dsl,4,3.0L,Diesel,4,Diesel
2015,Ram,DODGE,PROMASTER 3500,V6-3604 3.6L DOHC,6,3.6L,,6,
2015,Ram,DODGE,PROMASTER CITY,4-2360  2.4L SOHC,4,2.4L,,4,
2015,Ram,DODGE,RAM 1500 PICKUP,V6-2987 3.0L Dsl,6,3.0L,Diesel,6,Diesel
2015,Ram,DODGE,RAM 1500 PICKUP,V6-3604 3.6L DOHC,6,3.6L,,6,
2015,Ram,DODGE,RAM 1500 PICKUP,V8-345  5.7L,8,5.7L,,8,
2015,Ram,DODGE,RAM 2500 PICKUP,6-408  6.7L Dsl,6,6.7L,Diesel,6,Diesel
2015,Ram,DODGE,RAM 2500 PICKUP,V8-345  5.7L,8,5.7L,,8,
2015,Ram,DODGE,RAM 2500 PICKUP,V8-392  6.4L,8,6.4L,,8,
2015,Ram,DODGE,RAM 3500 PICKUP,6-408  6.7L Dsl,6,6.7L,Diesel,6,Diesel
2015,Ram,DODGE,RAM 3500 PICKUP,V8-345  5.7L,8,5.7L,,8,
2015,Ram,DODGE,RAM 3500 PICKUP,V8-392  6.4L,8,6.4L,,8,
2015,Ram,DODGE,RAM CARGO VAN,V6-3604 3.6L DOHC,6,3.6L,,6,
2015,Dodge,DODGE,VIPER,V10-510 8.4L,10,8.4L,,10,
2015,DODGE-MEDIUM DUTY,DODGE-MEDIUM DUTY,RAM 4500,6-408  6.7L Dsl,6,6.7L,Diesel,6,Diesel
2015,DODGE-MEDIUM DUTY,DODGE-MEDIUM DUTY,RAM 4500,V8-392  6.4L,8,6.4L,,8,
2015,DODGE-MEDIUM DUTY,DODGE-MEDIUM DUTY,RAM 5500,6-408  6.7L Dsl,6,6.7L,Diesel,6,Diesel
2015,DODGE-MEDIUM DUTY,DODGE-MEDIUM DUTY,RAM 5500,V8-392  6.4L,8,6.4L,,8,
2015,Ferrari,FERRARI,458 ITALIA,V8-4499 4.5L DOHC,8,4.5L,,8,
2015,Ferrari,FERRARI,488 GTB,V8-3902 3.9L DOHC,8,3.9L,,8,
2015,Ferrari,FERRARI,CALIFORNIA,V8-3855 3.9L DOHC,8,3.9L,,8,
2015,Ferrari,FERRARI,F12BERLINETTA,V12-6262 6.3L DOHC,12,6.3L,,12,
2015,Ferrari,FERRARI,FF,V12-6262 6.3L DOHC,12,6.3L,,12,
2015,Ferrari,FERRARI,LaFERRARI,V12-6262 6.3L DOHC,12,6.3L,,12,
2015,Fiat,FIAT,500,4-1368 1.4L SOHC,4,1.4L,,4,
2015,Fiat,FIAT,500L,4-1368 1.4L SOHC,4,1.4L,,4,
2015,Ford,FORD,C-MAX,4-1999 2.0L DOHC,4,2.0L,,4,
2015,Ford,FORD,E350 VAN,V10-415 6.8L SOHC,10,6.8L,,10,
2015,Ford,FORD,E350 VAN,V8-330  5.4L SOHC,8,5.4L,,8,
2015,Ford,FORD,EDGE,4-1999 2.0L DOHC,4,2.0L,,4,
2015,Ford,FORD,EDGE,V6-2700 2.7L DOHC,6,2.7L,,6,
2015,Ford,FORD,EDGE,V6-3496 3.5L DOHC,6,3.5L,,6,
2015,Ford,FORD,ESCAPE,4-121  2.0L DOHC,4,2.0L,,4,
2015,Ford,FORD,ESCAPE,4-2488 2.5L DOHC,4,2.5L,,4,
2015,Ford,FORD,ESCAPE,4-97   1.6L DOHC,4,1.6L,,4,
2015,Ford,FORD,EXPEDITION,V6-3496 3.5L DOHC,6,3.5L,,6,
2015,Ford,FORD,EXPLORER,4-121  2.0L DOHC,4,2.0L,,4,
2015,Ford,FORD,EXPLORER,V6-3496 3.5L DOHC,6,3.5L,,6,
2015,Ford,FORD,F150 PICKUP,V6-2700 2.7L DOHC,6,2.7L,,6,
2015,Ford,FORD,F150 PICKUP,V6-3496 3.5L DOHC,6,3.5L,,6,
2015,Ford,FORD,F150 PICKUP,V8-4951 5.0L DOHC,8,5.0L,,8,
2015,Ford,FORD,F250 SUPER DUTY P/U,V8-6210 6.2L SOHC,8,6.2L,,8,
2015,Ford,FORD,F250 SUPER DUTY P/U,V8-6651 6.7L Dsl,8,6.7L,Diesel,8,Diesel
2015,Ford,FORD,F350 SUPER DUTY P/U,V8-6210 6.2L SOHC,8,6.2L,,8,
2015,Ford,FORD,F350 SUPER DUTY P/U,V8-6651 6.7L Dsl,8,6.7L,Diesel,8,Diesel
2015,Ford,FORD,FIESTA,3-999  1.0L DOHC,3,1.0L,,3,
2015,Ford,FORD,FIESTA,4-1596 1.6L DOHC,4,1.6L,,4,
2015,Ford,FORD,FLEX,V6-3496 3.5L DOHC,6,3.5L,,6,
2015,Ford,FORD,FOCUS,3-999  1.0L DOHC,3,1.0L,,3,
2015,Ford,FORD,FOCUS,4-1999 2.0L DOHC,4,2.0L,,4,
2015,Ford,FORD,FUSION,4-1499 1.5L DOHC,4,1.5L,,4,
2015,Ford,FORD,FUSION,4-1596 1.6L DOHC,4,1.6L,,4,
2015,Ford,FORD,FUSION,4-1999 2.0L DOHC,4,2.0L,,4,
2015,Ford,FORD,FUSION,4-2488 2.5L DOHC,4,2.5L,,4,
2015,Ford,FORD,FUSION HYBRID,4-1999 2.0L DOHC,4,2.0L,Hybrid,4,Hybrid
2015,Ford,FORD,MUSTANG,4-140  2.3L DOHC,4,2.3L,,4,
2015,Ford,FORD,MUSTANG,V6-3731 3.7L DOHC,6,3.7L,,6,
2015,Ford,FORD,MUSTANG,V8-302  5.0L DOHC,8,5.0L,,8,
2015,Ford,FORD,MUSTANG,V8-5200 5.2L DOHC,8,5.2L,,8,
2015,Ford,FORD,POLICE INTERCEPTOR,4-1999 2.0L DOHC,4,2.0L,,4,
2015,Ford,FORD,POLICE INTERCEPTOR,V6-3496 3.5L DOHC,6,3.5L,,6,
2015,Ford,FORD,POLICE INTERCEPTOR,V6-3731 3.7L DOHC,6,3.7L,,6,
2015,Ford,FORD,POLICE INTRCPTR UTLT,V6-3496 3.5L DOHC,6,3.5L,,6,
2015,Ford,FORD,POLICE INTRCPTR UTLT,V6-3731 3.7L DOHC,6,3.7L,,6,
2015,Ford,FORD,TAURUS,4-1999 2.0L DOHC,4,2.0L,,4,
2015,Ford,FORD,TAURUS,V6-3496 3.5L DOHC,6,3.5L,,6,
2015,Ford,FORD,TRANSIT CONNECT,4-2488 2.5L DOHC,4,2.5L,,4,
2015,Ford,FORD,TRANSIT CONNECT,4-97   1.6L DOHC,4,1.6L,,4,
2015,Ford,FORD,TRANSIT VAN T150,5-3198 3.2L Dsl,5,3.2L,Diesel,5,Diesel
2015,Ford,FORD,TRANSIT VAN T150,V6-3496 3.5L DOHC,6,3.5L,,6,
2015,Ford,FORD,TRANSIT VAN T150,V6-3731 3.7L DOHC,6,3.7L,,6,
2015,Ford,FORD,TRANSIT VAN T250,5-3198 3.2L Dsl,5,3.2L,Diesel,5,Diesel
2015,Ford,FORD,TRANSIT VAN T250,V6-3496 3.5L DOHC,6,3.5L,,6,
2015,Ford,FORD,TRANSIT VAN T250,V6-3731 3.7L DOHC,6,3.7L,,6,
2015,Ford,FORD,TRANSIT VAN T350,5-3198 3.2L Dsl,5,3.2L,Diesel,5,Diesel
2015,Ford,FORD,TRANSIT VAN T350,V6-3496 3.5L DOHC,6,3.5L,,6,
2015,Ford,FORD,TRANSIT VAN T350,V6-3731 3.7L DOHC,6,3.7L,,6,
2015,Ford,FORD,TRANSIT VAN T350 HD,5-3198 3.2L Dsl,5,3.2L,Diesel,5,Diesel
2015,Ford,FORD,TRANSIT VAN T350 HD,V6-3496 3.5L DOHC,6,3.5L,,6,
2015,Ford,FORD,TRANSIT VAN T350 HD,V6-3731 3.7L DOHC,6,3.7L,,6,
2015,FORD-MEDIUM DUTY,FORD-MEDIUM DUTY,E450 VAN,V10-415 6.8L SOHC,10,6.8L,,10,
2015,FORD-MEDIUM DUTY,FORD-MEDIUM DUTY,E450 VAN,V8-330  5.4L SOHC,8,5.4L,,8,
2015,FORD-MEDIUM DUTY,FORD-MEDIUM DUTY,F450 SUPER DUTY,V10-415 6.8L SOHC,10,6.8L,,10,
2015,FORD-MEDIUM DUTY,FORD-MEDIUM DUTY,F450 SUPER DUTY,V8-6651 6.7L Dsl,8,6.7L,Diesel,8,Diesel
2015,FORD-MEDIUM DUTY,FORD-MEDIUM DUTY,F53,V10-415 6.8L SOHC,10,6.8L,,10,
2015,FORD-MEDIUM DUTY,FORD-MEDIUM DUTY,F550 SUPER DUTY,V10-415 6.8L SOHC,10,6.8L,,10,
2015,FORD-MEDIUM DUTY,FORD-MEDIUM DUTY,F550 SUPER DUTY,V8-6651 6.7L Dsl,8,6.7L,Diesel,8,Diesel
2015,FORD-MEDIUM DUTY,FORD-MEDIUM DUTY,F59,V10-415 6.8L SOHC,10,6.8L,,10,
2015,FORD-MEDIUM DUTY,FORD-MEDIUM DUTY,F650 SUPER DUTY,6-408  6.7L Dsl,6,6.7L,Diesel,6,Diesel
2015,FORD-MEDIUM DUTY,FORD-MEDIUM DUTY,F650 SUPER DUTY,V10-415 6.8L SOHC,10,6.8L,,10,
2015,FORD-MEDIUM DUTY,FORD-MEDIUM DUTY,F750 SUPER DUTY,6-408  6.7L Dsl,6,6.7L,Diesel,6,Diesel
2015,Freightliner,FREIGHTLINER,108SD,6-505  8.3L Dsl,6,8.3L,Diesel,6,Diesel
2015,Freightliner,FREIGHTLINER,108SD,6-544  8.9L Dsl,6,8.9L,Diesel,6,Diesel
2015,Freightliner,FREIGHTLINER,M2 106,6-409  6.7L Dsl,6,6.7L,Diesel,6,Diesel
2015,Freightliner,FREIGHTLINER,M2 106,6-505  8.3L Dsl,6,8.3L,Diesel,6,Diesel
2015,Freightliner,FREIGHTLINER,M2 106,6-544  8.9L Dsl,6,8.9L,Diesel,6,Diesel
2015,Freightliner,FREIGHTLINER,MT45,6-409  6.7L Dsl,6,6.7L,Diesel,6,Diesel
2015,Freightliner,FREIGHTLINER,MT55,6-409  6.7L Dsl,6,6.7L,Diesel,6,Diesel
2015,Freightliner,FREIGHTLINER,SPRINTER 2500,4-2143 2.1L Dsl,4,2.1L,Diesel,4,Diesel
2015,Freightliner,FREIGHTLINER,SPRINTER 2500,V6-2987 3.0L Dsl,6,3.0L,Diesel,6,Diesel
2015,Freightliner,FREIGHTLINER,SPRINTER 3500,4-2143 2.1L Dsl,4,2.1L,Diesel,4,Diesel
2015,Freightliner,FREIGHTLINER,SPRINTER 3500,V6-2987 3.0L Dsl,6,3.0L,Diesel,6,Diesel
2015,Freightliner,FREIGHTLINER,XCL MTRHM CHASSIS,6-409  6.7L Dsl,6,6.7L,Diesel,6,Diesel
2015,Freightliner,FREIGHTLINER,XCL MTRHM CHASSIS,6-544  8.9L Dsl,6,8.9L,Diesel,6,Diesel
2015,Freightliner,FREIGHTLINER,XCM MTRHM CHASSIS,6-409  6.7L Dsl,6,6.7L,Diesel,6,Diesel
2015,Freightliner,FREIGHTLINER,XCR MTRHM CHASSIS,6-409  6.7L Dsl,6,6.7L,Diesel,6,Diesel
2015,Freightliner,FREIGHTLINER,XCS MTRHM CHASSIS,6-409  6.7L Dsl,6,6.7L,Diesel,6,Diesel
2015,GMC,GMC TRUCK,ACADIA,V6-3564 3.6L DOHC,6,3.6L,,6,
2015,GMC,GMC TRUCK,CANYON,4-2457 2.5L DOHC,4,2.5L,,4,
2015,GMC,GMC TRUCK,CANYON,V6-3564 3.6L DOHC,6,3.6L,,6,
2015,GMC,GMC TRUCK,SAVANA 2500,V8-294  4.8L,8,4.8L,,8,
2015,GMC,GMC TRUCK,SAVANA 2500,V8-364  6.0L,8,6.0L,,8,
2015,GMC,GMC TRUCK,SAVANA 2500,V8-403  6.6L Dsl,8,6.6L,Diesel,8,Diesel
2015,GMC,GMC TRUCK,SAVANA 3500,V8-294  4.8L,8,4.8L,,8,
2015,GMC,GMC TRUCK,SAVANA 3500,V8-364  6.0L,8,6.0L,,8,
2015,GMC,GMC TRUCK,SAVANA 3500,V8-403  6.6L Dsl,8,6.6L,Diesel,8,Diesel
2015,GMC,GMC TRUCK,SIERRA 1500 PICKUP,V6-262  4.3L,6,4.3L,,6,
2015,GMC,GMC TRUCK,SIERRA 1500 PICKUP,V8-325  5.3L,8,5.3L,,8,
2015,GMC,GMC TRUCK,SIERRA 1500 PICKUP,V8-376  6.2L,8,6.2L,,8,
2015,GMC,GMC TRUCK,SIERRA 2500HD PICKUP,V8-364  6.0L,8,6.0L,,8,
2015,GMC,GMC TRUCK,SIERRA 2500HD PICKUP,V8-403  6.6L Dsl,8,6.6L,Diesel,8,Diesel
2015,GMC,GMC TRUCK,SIERRA 3500 PICKUP,V8-364  6.0L,8,6.0L,,8,
2015,GMC,GMC TRUCK,SIERRA 3500 PICKUP,V8-403  6.6L Dsl,8,6.6L,Diesel,8,Diesel
2015,GMC,GMC TRUCK,TERRAIN,4-146  2.4L DOHC,4,2.4L,,4,
2015,GMC,GMC TRUCK,TERRAIN,V6-3564 3.6L DOHC,6,3.6L,,6,
2015,GMC,GMC TRUCK,YUKON,V8-325  5.3L,8,5.3L,,8,
2015,GMC,GMC TRUCK,YUKON,V8-376  6.2L,8,6.2L,,8,
2015,GMC,GMC TRUCK,YUKON XL 1500,V8-325  5.3L,8,5.3L,,8,
2015,GMC,GMC TRUCK,YUKON XL 1500,V8-376  6.2L,8,6.2L,,8,
2015,GMC-MEDIUM DUTY,GMC-MEDIUM DUTY,SAVANA 4500,V8-364  6.0L,8,6.0L,,8,
2015,GMC-MEDIUM DUTY,GMC-MEDIUM DUTY,SAVANA 4500,V8-403  6.6L Dsl,8,6.6L,Diesel,8,Diesel
2015,Hino,HINO,155,4-313  5.1L Dsl,4,5.1L,Diesel,4,Diesel
2015,Hino,HINO,195,4-313  5.1L Dsl,4,5.1L,Diesel,4,Diesel
2015,Hino,HINO,195h,4-313  5.1L Dsl,4,5.1L,Diesel,4,Diesel
2015,Hino,HINO,238 Series,6-469  7.7L Dsl,6,7.7L,Diesel,6,Diesel
2015,Hino,HINO,258 Series,6-469  7.7L Dsl,6,7.7L,Diesel,6,Diesel
2015,Hino,HINO,268 Series,6-469  7.7L Dsl,6,7.7L,Diesel,6,Diesel
2015,Hino,HINO,338 Series,6-469  7.7L Dsl,6,7.7L,Diesel,6,Diesel
2015,Honda,HONDA,ACCORD,4-2354 2.4L DOHC,4,2.4L,,4,
2015,Honda,HONDA,ACCORD,V6-3471 3.5L SOHC,6,3.5L,,6,
2015,Honda,HONDA,ACCORD HYBRID,4-1998 2.0L DOHC,4,2.0L,Hybrid,4,Hybrid
2015,Honda,HONDA,CIVIC,4-1799 1.8L SOHC,4,1.8L,,4,
2015,Honda,HONDA,CIVIC,4-2354 2.4L DOHC,4,2.4L,,4,
2015,Honda,HONDA,CIVIC HYBRID,4-1497 1.5L SOHC,4,1.5L,Hybrid,4,Hybrid
2015,Honda,HONDA,CR-V,4-2354 2.4L DOHC,4,2.4L,,4,
2015,Honda,HONDA,CR-Z,4-1497 1.5L SOHC,4,1.5L,,4,
2015,Honda,HONDA,CROSSTOUR,4-2354 2.4L DOHC,4,2.4L,,4,
2015,Honda,HONDA,CROSSTOUR,V6-3471 3.5L SOHC,6,3.5L,,6,
2015,Honda,HONDA,FIT,4-1498 1.5L DOHC,4,1.5L,,4,
2015,Honda,HONDA,ODYSSEY,V6-3471 3.5L SOHC,6,3.5L,,6,
2015,Honda,HONDA,PILOT,V6-3471 3.5L SOHC,6,3.5L,,6,
2015,Hyundai,HYUNDAI,ACCENT,4-1591 1.6L DOHC,4,1.6L,,4,
2015,Hyundai,HYUNDAI,AZERA,V6-3342 3.3L DOHC,6,3.3L,,6,
2015,Hyundai,HYUNDAI,ELANTRA,4-1797 1.8L DOHC,4,1.8L,,4,
2015,Hyundai,HYUNDAI,ELANTRA,4-1999 2.0L DOHC,4,2.0L,,4,
2015,Hyundai,HYUNDAI,EQUUS,V8-5038 5.0L DOHC,8,5.0L,,8,
2015,Hyundai,HYUNDAI,GENESIS,V6-3778 3.8L DOHC,6,3.8L,,6,
2015,Hyundai,HYUNDAI,GENESIS,V8-5038 5.0L DOHC,8,5.0L,,8,
2015,Hyundai,HYUNDAI,GENESIS COUPE,V6-3778 3.8L DOHC,6,3.8L,,6,
2015,Hyundai,HYUNDAI,SANTA FE,V6-3342 3.3L DOHC,6,3.3L,,6,
2015,Hyundai,HYUNDAI,SANTA FE SPORT,4-1998 2.0L DOHC,4,2.0L,,4,
2015,Hyundai,HYUNDAI,SANTA FE SPORT,4-2359 2.4L DOHC,4,2.4L,,4,
2015,Hyundai,HYUNDAI,SONATA,4-1591 1.6L DOHC,4,1.6L,,4,
2015,Hyundai,HYUNDAI,SONATA,4-1998 2.0L DOHC,4,2.0L,,4,
2015,Hyundai,HYUNDAI,SONATA,4-2359 2.4L DOHC,4,2.4L,,4,
2015,Hyundai,HYUNDAI,SONATA HYBRID,4-2359 2.4L DOHC,4,2.4L,Hybrid,4,Hybrid
2015,Hyundai,HYUNDAI,TUCSON,4-1998 2.0L DOHC,4,2.0L,,4,
2015,Hyundai,HYUNDAI,TUCSON,4-2359 2.4L DOHC,4,2.4L,,4,
2015,Hyundai,HYUNDAI,VELOSTER,4-1591 1.6L DOHC,4,1.6L,,4,
2015,Infiniti,INFINITI,Q40,V6-3700 3.7L DOHC,6,3.7L,,6,
2015,Infiniti,INFINITI,Q50,V6-3700 3.7L DOHC,6,3.7L,,6,
2015,Infiniti,INFINITI,Q50 HYBRID,V6-3498 3.5L DOHC,6,3.5L,Hybrid,6,Hybrid
2015,Infiniti,INFINITI,Q60,V6-3700 3.7L DOHC,6,3.7L,,6,
2015,Infiniti,INFINITI,Q70,V6-3700 3.7L DOHC,6,3.7L,,6,
2015,Infiniti,INFINITI,Q70,V8-5552 5.6L DOHC,8,5.6L,,8,
2015,Infiniti,INFINITI,Q70 HYBRID,V6-3498 3.5L DOHC,6,3.5L,Hybrid,6,Hybrid
2015,Infiniti,INFINITI,QX50,V6-3700 3.7L DOHC,6,3.7L,,6,
2015,Infiniti,INFINITI,QX60,V6-3498 3.5L DOHC,6,3.5L,,6,
2015,Infiniti,INFINITI,QX60 HYBRID,4-2488 2.5L DOHC,4,2.5L,Hybrid,4,Hybrid
2015,Infiniti,INFINITI,QX70,V6-3700 3.7L DOHC,6,3.7L,,6,
2015,Infiniti,INFINITI,QX80,V8-5552 5.6L DOHC,8,5.6L,,8,
2015,International,INTERNATIONAL TRUCK,DURASTAR 4300,6-408  6.7L Dsl,6,6.7L,Diesel,6,Diesel
2015,International,INTERNATIONAL TRUCK,DURASTAR 4300,6-466  7.6L Dsl,6,7.6L,Diesel,6,Diesel
2015,International,INTERNATIONAL TRUCK,DURASTAR 4300,V8-390  6.4L Dsl,8,6.4L,Diesel,8,Diesel
2015,International,INTERNATIONAL TRUCK,DURASTAR 4400,6-466  7.6L Dsl,6,7.6L,Diesel,6,Diesel
2015,International,INTERNATIONAL TRUCK,DURASTAR 4400,6-570  9.3L Dsl,6,9.3L,Diesel,6,Diesel
2015,International,INTERNATIONAL TRUCK,TERRASTAR,V8-390  6.4L Dsl,8,6.4L,Diesel,8,Diesel
2015,ISUZU-MEDIUM DUTY,ISUZU-MEDIUM DUTY,NPR ECO-MAX,4-183  3.0L Dsl,4,3.0L,Diesel,4,Diesel
2015,ISUZU-MEDIUM DUTY,ISUZU-MEDIUM DUTY,NPR GAS,V8-365  6.0L,8,6.0L,,8,
2015,ISUZU-MEDIUM DUTY,ISUZU-MEDIUM DUTY,NPR HD DIESEL,4-317  5.2L Dsl,4,5.2L,Diesel,4,Diesel
2015,ISUZU-MEDIUM DUTY,ISUZU-MEDIUM DUTY,NPR HD GAS,V8-365  6.0L,8,6.0L,,8,
2015,ISUZU-MEDIUM DUTY,ISUZU-MEDIUM DUTY,NPR XD DIESEL,4-317  5.2L Dsl,4,5.2L,Diesel,4,Diesel
2015,ISUZU-MEDIUM DUTY,ISUZU-MEDIUM DUTY,NQR,4-317  5.2L Dsl,4,5.2L,Diesel,4,Diesel
2015,ISUZU-MEDIUM DUTY,ISUZU-MEDIUM DUTY,NRR,4-317  5.2L Dsl,4,5.2L,Diesel,4,Diesel
2015,ISUZU-MEDIUM DUTY,ISUZU-MEDIUM DUTY,REACH VAN,4-183  3.0L Dsl,4,3.0L,Diesel,4,Diesel
2015,Jaguar,JAGUAR,F-TYPE,V6-2995 3.0L DOHC,6,3.0L,,6,
2015,Jaguar,JAGUAR,F-TYPE,V8-5000 5.0L DOHC,8,5.0L,,8,
2015,Jaguar,JAGUAR,XF,4-1999 2.0L DOHC,4,2.0L,,4,
2015,Jaguar,JAGUAR,XF,V6-2995 3.0L DOHC,6,3.0L,,6,
2015,Jaguar,JAGUAR,XF,V8-5000 5.0L DOHC,8,5.0L,,8,
2015,Jaguar,JAGUAR,XFR,V8-5000 5.0L DOHC,8,5.0L,,8,
2015,Jaguar,JAGUAR,XFR-S,V8-5000 5.0L DOHC,8,5.0L,,8,
2015,Jaguar,JAGUAR,XJ,V6-2995 3.0L DOHC,6,3.0L,,6,
2015,Jaguar,JAGUAR,XJ,V8-5000 5.0L DOHC,8,5.0L,,8,
2015,Jaguar,JAGUAR,XJ-R,V8-5000 5.0L DOHC,8,5.0L,,8,
2015,Jaguar,JAGUAR,XK,V8-5000 5.0L DOHC,8,5.0L,,8,
2015,Jaguar,JAGUAR,XK-R,V8-5000 5.0L DOHC,8,5.0L,,8,
2015,Jaguar,JAGUAR,XKR-S,V8-5000 5.0L DOHC,8,5.0L,,8,
2015,Jeep,JEEP TRUCK,CHEROKEE,4-2360 2.4L SOHC,4,2.4L,,4,
2015,Jeep,JEEP TRUCK,CHEROKEE,V6-3239 3.2L DOHC,6,3.2L,,6,
2015,Jeep,JEEP TRUCK,COMPASS,4-122  2.0L DOHC,4,2.0L,,4,
2015,Jeep,JEEP TRUCK,COMPASS,4-144  2.4L DOHC,4,2.4L,,4,
2015,Jeep,JEEP TRUCK,GRAND CHEROKEE,V6-2988 3.0L Dsl,6,3.0L,Diesel,6,Diesel
2015,Jeep,JEEP TRUCK,GRAND CHEROKEE,V6-3604 3.6L DOHC,6,3.6L,,6,
2015,Jeep,JEEP TRUCK,GRAND CHEROKEE,V8-345  5.7L,8,5.7L,,8,
2015,Jeep,JEEP TRUCK,GRAND CHEROKEE,V8-392  6.4L,8,6.4L,,8,
2015,Jeep,JEEP TRUCK,PATRIOT,4-122  2.0L DOHC,4,2.0L,,4,
2015,Jeep,JEEP TRUCK,PATRIOT,4-144  2.4L DOHC,4,2.4L,,4,
2015,Jeep,JEEP TRUCK,RENEGADE,4-1368 1.4L SOHC,4,1.4L,,4,
2015,Jeep,JEEP TRUCK,RENEGADE,4-2360 2.4L SOHC,4,2.4L,,4,
2015,Jeep,JEEP TRUCK,WRANGLER,V6-3604 3.6L DOHC,6,3.6L,,6,
2015,Kenworth,KENWORTH,K270,6-408  6.7L Dsl,6,6.7L,Diesel,6,Diesel
2015,Kenworth,KENWORTH,K370,6-408  6.7L Dsl,6,6.7L,Diesel,6,Diesel
2015,Kenworth,KENWORTH,T270,6-408  6.7L Dsl,6,6.7L,Diesel,6,Diesel
2015,Kenworth,KENWORTH,T270,6-540  8.9L Dsl,6,8.9L,Diesel,6,Diesel
2015,Kenworth,KENWORTH,T370,6-408  6.7L Dsl,6,6.7L,Diesel,6,Diesel
2015,Kenworth,KENWORTH,T370,6-540  8.9L Dsl,6,8.9L,Diesel,6,Diesel
2015,Kia,KIA,CADENZA,V6-3342 3.3L DOHC,6,3.3L,,6,
2015,Kia,KIA,FORTE,4-1591 1.6L DOHC,4,1.6L,,4,
2015,Kia,KIA,FORTE,4-1797 1.8L DOHC,4,1.8L,,4,
2015,Kia,KIA,FORTE,4-1999 2.0L DOHC,4,2.0L,,4,
2015,Kia,KIA,K900,V6-3778 3.8L DOHC,6,3.8L,,6,
2015,Kia,KIA,K900,V8-5038 5.0L DOHC,8,5.0L,,8,
2015,Kia,KIA,OPTIMA,4-1998 2.0L DOHC,4,2.0L,,4,
2015,Kia,KIA,OPTIMA,4-2400 2.4L DOHC,4,2.4L,,4,
2015,Kia,KIA,OPTIMA HYBRID,4-2400 2.4L DOHC,4,2.4L,Hybrid,4,Hybrid
2015,Kia,KIA,RIO,4-1591 1.6L DOHC,4,1.6L,,4,
2015,Kia,KIA,SEDONA,V6-3342 3.3L DOHC,6,3.3L,,6,
2015,Kia,KIA,SORENTO,4-2359 2.4L DOHC,4,2.4L,,4,
2015,Kia,KIA,SORENTO,V6-3342 3.3L DOHC,6,3.3L,,6,
2015,Kia,KIA,SOUL,4-1591 1.6L DOHC,4,1.6L,,4,
2015,Kia,KIA,SOUL,4-1999 2.0L DOHC,4,2.0L,,4,
2015,Kia,KIA,SPORTAGE,4-1998 2.0L DOHC,4,2.0L,,4,
2015,Kia,KIA,SPORTAGE,4-2359 2.4L DOHC,4,2.4L,,4,
2015,Lamborghini,LAMBORGHINI,AVENTADOR,12-6498 6.5L DOHC,12,6.5L,,12,
2015,Lamborghini,LAMBORGHINI,HURACAN,10-5204 5.2L,10,5.2L,,10,
2015,Land Rover,LAND ROVER,DISCOVERY SPORT,4-1999 2.0L DOHC,4,2.0L,,4,
2015,Land Rover,LAND ROVER,LR2,4-1999 2.0L DOHC,4,2.0L,,4,
2015,Land Rover,LAND ROVER,LR4,V6-2995 3.0L DOHC,6,3.0L,,6,
2015,Land Rover,LAND ROVER,RANGE ROVER,V6-2995 3.0L DOHC,6,3.0L,,6,
2015,Land Rover,LAND ROVER,RANGE ROVER,V8-5000 5.0L DOHC,8,5.0L,,8,
2015,Land Rover,LAND ROVER,RANGE ROVER EVOQUE,4-1999 2.0L DOHC,4,2.0L,,4,
2015,Land Rover,LAND ROVER,RANGE ROVER SPORT,V6-2995 3.0L DOHC,6,3.0L,,6,
2015,Land Rover,LAND ROVER,RANGE ROVER SPORT,V8-5000 5.0L DOHC,8,5.0L,,8,
2015,Lexus,LEXUS,CT 200h,4-1798 1.8L DOHC,4,1.8L,,4,
2015,Lexus,LEXUS,ES 300h,4-2494 2.5L DOHC,4,2.5L,,4,
2015,Lexus,LEXUS,ES 350,V6-3456 3.5L DOHC,6,3.5L,,6,
2015,Lexus,LEXUS,GS 350,V6-3456 3.5L DOHC,6,3.5L,,6,
2015,Lexus,LEXUS,GS 450h,V6-3456 3.5L DOHC,6,3.5L,,6,
2015,Lexus,LEXUS,GX 460,V8-4608 4.6L DOHC,8,4.6L,,8,
2015,Lexus,LEXUS,IS 250,V6-2499 2.5L DOHC,6,2.5L,,6,
2015,Lexus,LEXUS,IS 350,V6-3456 3.5L DOHC,6,3.5L,,6,
2015,Lexus,LEXUS,LS 460,V8-4608 4.6L DOHC,8,4.6L,,8,
2015,Lexus,LEXUS,LS 600h,V8-4968 5.0L DOHC,8,5.0L,,8,
2015,Lexus,LEXUS,LX 570,V8-5663 5.7L DOHC,8,5.7L,,8,
2015,Lexus,LEXUS,NX 200t,4-1998 2.0L DOHC,4,2.0L,,4,
2015,Lexus,LEXUS,NX 300h,4-2494 2.5L DOHC,4,2.5L,,4,
2015,Lexus,LEXUS,RC 350,V6-3456 3.5L DOHC,6,3.5L,,6,
2015,Lexus,LEXUS,RC F,V8-4968 5.0L DOHC,8,5.0L,,8,
2015,Lexus,LEXUS,RX 350,V6-3456 3.5L DOHC,6,3.5L,,6,
2015,Lexus,LEXUS,RX 450h,V6-3456 3.5L DOHC,6,3.5L,,6,
2015,Lincoln,LINCOLN,MKC,4-140  2.3L DOHC,4,2.3L,,4,
2015,Lincoln,LINCOLN,MKC,4-1999 2.0L DOHC,4,2.0L,,4,
2015,Lincoln,LINCOLN,MKS,V6-3496 3.5L DOHC,6,3.5L,,6,
2015,Lincoln,LINCOLN,MKS,V6-3726 3.7L DOHC,6,3.7L,,6,
2015,Lincoln,LINCOLN,MKT,4-1999 2.0L DOHC,4,2.0L,,4,
2015,Lincoln,LINCOLN,MKT,V6-3496 3.5L DOHC,6,3.5L,,6,
2015,Lincoln,LINCOLN,MKT,V6-3726 3.7L DOHC,6,3.7L,,6,
2015,Lincoln,LINCOLN,MKX,V6-3726 3.7L DOHC,6,3.7L,,6,
2015,Lincoln,LINCOLN,MKZ,4-1999 2.0L DOHC,4,2.0L,,4,
2015,Lincoln,LINCOLN,MKZ,V6-3726 3.7L DOHC,6,3.7L,,6,
2015,Lincoln,LINCOLN,MKZ HYBRID,4-1999 2.0L DOHC,4,2.0L,Hybrid,4,Hybrid
2015,Lincoln,LINCOLN,NAVIGATOR,V6-3496 3.5L DOHC,6,3.5L,,6,
2015,Maserati,MASERATI,GHIBLI,V6-2979 3.0L DOHC,6,3.0L,,6,
2015,Maserati,MASERATI,GRANTURISMO,V8-4691 4.7L DOHC,8,4.7L,,8,
2015,Maserati,MASERATI,QUATTROPORTE,V6-2979 3.0L DOHC,6,3.0L,,6,
2015,Maserati,MASERATI,QUATTROPORTE,V8-3799 3.8L DOHC,8,3.8L,,8,
2015,Mazda,MAZDA,3 Series,4-1998 2.0L SKYACTV,4,2.0L,,4,
2015,Mazda,MAZDA,3 Series,4-1999 2.0L DOHC,4,2.0L,,4,
2015,Mazda,MAZDA,3 Series,4-2488 2.5L DOHC,4,2.5L,,4,
2015,Mazda,MAZDA,5 Series,4-2488 2.5L DOHC,4,2.5L,,4,
2015,Mazda,MAZDA,6 Series,4-2488 2.5L DOHC,4,2.5L,,4,
2015,Mazda,MAZDA,CX-5,4-1997 2.0L DOHC,4,2.0L,,4,
2015,Mazda,MAZDA,CX-5,4-2488 2.5L DOHC,4,2.5L,,4,
2015,Mazda,MAZDA,CX-9,V6-3726 3.7L DOHC,6,3.7L,,6,
2015,Mazda,MAZDA,MX-5 MIATA,4-1999 2.0L DOHC,4,2.0L,,4,
2015,Mercedes-Benz,MERCEDES BENZ,C250,4-1796 1.8L DOHC,4,1.8L,,4,
2015,Mercedes-Benz,MERCEDES BENZ,C300,4-1991 2.0L DOHC,4,2.0L,,4,
2015,Mercedes-Benz,MERCEDES BENZ,C350,V6-3498 3.5L DOHC,6,3.5L,,6,
2015,Mercedes-Benz,MERCEDES BENZ,C400,V6-2996 3.0L DOHC,6,3.0L,,6,
2015,Mercedes-Benz,MERCEDES BENZ,C63,V8-3982 4.0L DOHC,8,4.0L,,8,
2015,Mercedes-Benz,MERCEDES BENZ,C63,V8-6208 6.2L DOHC,8,6.2L,,8,
2015,Mercedes-Benz,MERCEDES BENZ,CLA250,4-1991 2.0L DOHC,4,2.0L,,4,
2015,Mercedes-Benz,MERCEDES BENZ,CLA45,4-1991 2.0L DOHC,4,2.0L,,4,
2015,Mercedes-Benz,MERCEDES BENZ,CLS400,V6-2996 3.0L DOHC,6,3.0L,,6,
2015,Mercedes-Benz,MERCEDES BENZ,CLS550,V8-4663 4.7L DOHC,8,4.7L,,8,
2015,Mercedes-Benz,MERCEDES BENZ,CLS63,V8-5461 5.5L DOHC,8,5.5L,,8,
2015,Mercedes-Benz,MERCEDES BENZ,E250,4-2143 2.1L Dsl,4,2.1L,Diesel,4,Diesel
2015,Mercedes-Benz,MERCEDES BENZ,E350,V6-3498 3.5L DOHC,6,3.5L,,6,
2015,Mercedes-Benz,MERCEDES BENZ,E400,V6-2996 3.0L DOHC,6,3.0L,,6,
2015,Mercedes-Benz,MERCEDES BENZ,E400 HYBRID,V6-3498 3.5L DOHC,6,3.5L,Hybrid,6,Hybrid
2015,Mercedes-Benz,MERCEDES BENZ,E550,V8-4663 4.7L DOHC,8,4.7L,,8,
2015,Mercedes-Benz,MERCEDES BENZ,E63,V8-5461 5.5L DOHC,8,5.5L,,8,
2015,Mercedes-Benz,MERCEDES BENZ,G550,V8-5461 5.5L DOHC,8,5.5L,,8,
2015,Mercedes-Benz,MERCEDES BENZ,G63,V8-5461 5.5L DOHC,8,5.5L,,8,
2015,Mercedes-Benz,MERCEDES BENZ,GL350,V6-2987 3.0L Dsl,6,3.0L,Diesel,6,Diesel
2015,Mercedes-Benz,MERCEDES BENZ,GL450,V6-2996 3.0L DOHC,6,3.0L,,6,
2015,Mercedes-Benz,MERCEDES BENZ,GL550,V8-4663 4.7L DOHC,8,4.7L,,8,
2015,Mercedes-Benz,MERCEDES BENZ,GL63,V8-5461 5.5L DOHC,8,5.5L,,8,
2015,Mercedes-Benz,MERCEDES BENZ,GLA250,4-1991 2.0L DOHC,4,2.0L,,4,
2015,Mercedes-Benz,MERCEDES BENZ,GLA45,4-1991 2.0L DOHC,4,2.0L,,4,
2015,Mercedes-Benz,MERCEDES BENZ,GLK250,4-2143 2.1L Dsl,4,2.1L,Diesel,4,Diesel
2015,Mercedes-Benz,MERCEDES BENZ,GLK350,V6-3498 3.5L DOHC,6,3.5L,,6,
2015,Mercedes-Benz,MERCEDES BENZ,ML250,4-2143 2.1L Dsl,4,2.1L,Diesel,4,Diesel
2015,Mercedes-Benz,MERCEDES BENZ,ML350,V6-3498 3.5L DOHC,6,3.5L,,6,
2015,Mercedes-Benz,MERCEDES BENZ,ML400,V6-2996 3.0L DOHC,6,3.0L,,6,
2015,Mercedes-Benz,MERCEDES BENZ,ML63,V8-5461 5.5L DOHC,8,5.5L,,8,
2015,Mercedes-Benz,MERCEDES BENZ,S550,V8-4663 4.7L DOHC,8,4.7L,,8,
2015,Mercedes-Benz,MERCEDES BENZ,S550 HYBRID,V6-2996 3.0L DOHC,6,3.0L,Hybrid,6,Hybrid
2015,Mercedes-Benz,MERCEDES BENZ,S600,12-5980 6.0L SOHC,12,6.0L,,12,
2015,Mercedes-Benz,MERCEDES BENZ,S63,V8-5461 5.5L DOHC,8,5.5L,,8,
2015,Mercedes-Benz,MERCEDES BENZ,S65,12-5980 6.0L SOHC,12,6.0L,,12,
2015,Mercedes-Benz,MERCEDES BENZ,SL400,V6-2996 3.0L DOHC,6,3.0L,,6,
2015,Mercedes-Benz,MERCEDES BENZ,SL550,V8-4663 4.7L DOHC,8,4.7L,,8,
2015,Mercedes-Benz,MERCEDES BENZ,SL63,V8-5461 5.5L DOHC,8,5.5L,,8,
2015,Mercedes-Benz,MERCEDES BENZ,SL65,12-5980 6.0L SOHC,12,6.0L,,12,
2015,Mercedes-Benz,MERCEDES BENZ,SLK250,4-1796 1.8L DOHC,4,1.8L,,4,
2015,Mercedes-Benz,MERCEDES BENZ,SLK350,V6-3498 3.5L DOHC,6,3.5L,,6,
2015,Mercedes-Benz,MERCEDES BENZ,SLK55,V8-5461 5.5L DOHC,8,5.5L,,8,
2015,Mercedes-Benz,MERCEDES BENZ,SLS,V8-6208 6.2L DOHC,8,6.2L,,8,
2015,Mercedes-Benz,MERCEDES BENZ,SPRINTER 2500,4-2143 2.1L Dsl,4,2.1L,Diesel,4,Diesel
2015,Mercedes-Benz,MERCEDES BENZ,SPRINTER 2500,V6-2987 3.0L Dsl,6,3.0L,Diesel,6,Diesel
2015,Mercedes-Benz,MERCEDES BENZ,SPRINTER 3500,4-2143 2.1L Dsl,4,2.1L,Diesel,4,Diesel
2015,Mercedes-Benz,MERCEDES BENZ,SPRINTER 3500,V6-2987 3.0L Dsl,6,3.0L,Diesel,6,Diesel
2015,Mini,MINI,COOPER CONVERTIBLE,4-1598 1.6L DOHC,4,1.6L,,4,
2015,Mini,MINI,COOPER COUPE,4-1598 1.6L DOHC,4,1.6L,,4,
2015,Mini,MINI,COOPER HARDTOP,3-1499 1.5L DOHC,3,1.5L,,3,
2015,Mini,MINI,COOPER HARDTOP,4-1998 2.0L DOHC,4,2.0L,,4,
2015,Mini,MINI,COUNTRYMAN,4-1598 1.6L DOHC,4,1.6L,,4,
2015,Mini,MINI,PACEMAN,4-1598 1.6L DOHC,4,1.6L,,4,
2015,Mini,MINI,ROADSTER,4-1598 1.6L DOHC,4,1.6L,,4,
2015,Mitsubishi Fuso,MITSU FUSO,FE130,4-183  3.0L Dsl,4,3.0L,Diesel,4,Diesel
2015,Mitsubishi Fuso,MITSU FUSO,FE160,4-183  3.0L Dsl,4,3.0L,Diesel,4,Diesel
2015,Mitsubishi Fuso,MITSU FUSO,FE180,4-183  3.0L Dsl,4,3.0L,Diesel,4,Diesel
2015,Mitsubishi Fuso,MITSU FUSO,FG,4-183  3.0L Dsl,4,3.0L,Diesel,4,Diesel
2015,Mitsubishi,MITSUBISHI,LANCER,4-122  2.0L DOHC,4,2.0L,,4,
2015,Mitsubishi,MITSUBISHI,LANCER,4-2360 2.4L DOHC,4,2.4L,,4,
2015,Mitsubishi,MITSUBISHI,MIRAGE,3-1193 1.2L DOHC,3,1.2L,,3,
2015,Mitsubishi,MITSUBISHI,OUTLANDER,4-2360 2.4L SOHC,4,2.4L,,4,
2015,Mitsubishi,MITSUBISHI,OUTLANDER,V6-2998 3.0L SOHC,6,3.0L,,6,
2015,Mitsubishi,MITSUBISHI,OUTLANDER SPORT,4-1998 2.0L DOHC,4,2.0L,,4,
2015,Mitsubishi,MITSUBISHI,OUTLANDER SPORT,4-2360 2.4L DOHC,4,2.4L,,4,
2015,Mobility Ventures,MOBILITY VENTURES-VPG,MV-1,V6-3731 3.7L DOHC,6,3.7L,,6,
2015,Nissan/Datsun,NISSAN-DATSUN,370Z,V6-3700 3.7L DOHC,6,3.7L,,6,
2015,Nissan/Datsun,NISSAN-DATSUN,ALTIMA,4-2488 2.5L DOHC,4,2.5L,,4,
2015,Nissan/Datsun,NISSAN-DATSUN,ALTIMA,V6-3498 3.5L DOHC,6,3.5L,,6,
2015,Nissan/Datsun,NISSAN-DATSUN,ARMADA,V8-5552 5.6L DOHC,8,5.6L,,8,
2015,Nissan/Datsun,NISSAN-DATSUN,FRONTIER PICKUP,4-2488 2.5L DOHC,4,2.5L,,4,
2015,Nissan/Datsun,NISSAN-DATSUN,FRONTIER PICKUP,V6-3954 4.0L DOHC,6,4.0L,,6,
2015,Nissan/Datsun,NISSAN-DATSUN,GT-R,V6-3799 3.8L DOHC,6,3.8L,,6,
2015,Nissan/Datsun,NISSAN-DATSUN,JUKE,4-1618 1.6L DOHC,4,1.6L,,4,
2015,Nissan/Datsun,NISSAN-DATSUN,MURANO,V6-3498 3.5L DOHC,6,3.5L,,6,
2015,Nissan/Datsun,NISSAN-DATSUN,NV 1500,V6-3954 4.0L DOHC,6,4.0L,,6,
2015,Nissan/Datsun,NISSAN-DATSUN,NV 200,4-2000 2.0L DOHC,4,2.0L,,4,
2015,Nissan/Datsun,NISSAN-DATSUN,NV 2500 HD,V6-3954 4.0L DOHC,6,4.0L,,6,
2015,Nissan/Datsun,NISSAN-DATSUN,NV 2500 HD,V8-5552 5.6L DOHC,8,5.6L,,8,
2015,Nissan/Datsun,NISSAN-DATSUN,NV 3500 HD,V6-3954 4.0L DOHC,6,4.0L,,6,
2015,Nissan/Datsun,NISSAN-DATSUN,NV 3500 HD,V8-5552 5.6L DOHC,8,5.6L,,8,
2015,Nissan/Datsun,NISSAN-DATSUN,PATHFINDER,V6-3498 3.5L DOHC,6,3.5L,,6,
2015,Nissan/Datsun,NISSAN-DATSUN,QUEST MINIVAN,V6-3498 3.5L DOHC,6,3.5L,,6,
2015,Nissan/Datsun,NISSAN-DATSUN,ROGUE,4-2488 2.5L DOHC,4,2.5L,,4,
2015,Nissan/Datsun,NISSAN-DATSUN,ROGUE SELECT,4-2488 2.5L DOHC,4,2.5L,,4,
2015,Nissan/Datsun,NISSAN-DATSUN,SENTRA,4-1798 1.8L DOHC,4,1.8L,,4,
2015,Nissan/Datsun,NISSAN-DATSUN,TITAN,V8-5552 5.6L DOHC,8,5.6L,,8,
2015,Nissan/Datsun,NISSAN-DATSUN,VERSA,4-1598 1.6L DOHC,4,1.6L,,4,
2015,Nissan/Datsun,NISSAN-DATSUN,VERSA NOTE,4-1598 1.6L DOHC,4,1.6L,,4,
2015,Nissan/Datsun,NISSAN-DATSUN,XTERRA,V6-3954 4.0L DOHC,6,4.0L,,6,
2015,Peterbilt,PETERBILT,210,6-408  6.7L Dsl,6,6.7L,Diesel,6,Diesel
2015,Peterbilt,PETERBILT,220,6-408  6.7L Dsl,6,6.7L,Diesel,6,Diesel
2015,Peterbilt,PETERBILT,337,6-408  6.7L Dsl,6,6.7L,Diesel,6,Diesel
2015,Peterbilt,PETERBILT,337,6-505  8.3L Dsl,6,8.3L,Diesel,6,Diesel
2015,Porsche,PORSCHE,911 Series,6-3436 3.4L DOHC,6,3.4L,,6,
2015,Porsche,PORSCHE,911 Series,6-3800 3.8L DOHC,6,3.8L,,6,
2015,Porsche,PORSCHE,918 SPYDER,V8-4600 4.6L DOHC,8,4.6L,,8,
2015,Porsche,PORSCHE,BOXSTER,6-2706 2.7L DOHC,6,2.7L,,6,
2015,Porsche,PORSCHE,BOXSTER,6-3436 3.4L DOHC,6,3.4L,,6,
2015,Porsche,PORSCHE,CAYENNE,V6-2967 3.0L Dsl,6,3.0L,Diesel,6,Diesel
2015,Porsche,PORSCHE,CAYENNE,V6-3605 3.6L DOHC,6,3.6L,,6,
2015,Porsche,PORSCHE,CAYENNE,V8-4806 4.8L DOHC,8,4.8L,,8,
2015,Porsche,PORSCHE,CAYENNE HYBRID,V6-2995 3.0L DOHC,6,3.0L,Hybrid,6,Hybrid
2015,Porsche,PORSCHE,CAYMAN,6-2706 2.7L DOHC,6,2.7L,,6,
2015,Porsche,PORSCHE,CAYMAN,6-3436 3.4L DOHC,6,3.4L,,6,
2015,Porsche,PORSCHE,MACAN,V6-2997 3.0L DOHC,6,3.0L,,6,
2015,Porsche,PORSCHE,MACAN,V6-3605 3.6L DOHC,6,3.6L,,6,
2015,Porsche,PORSCHE,PANAMERA,V6-2997 3.0L TURBO,6,3.0L,,6,
2015,Porsche,PORSCHE,PANAMERA,V6-3605 3.6L DOHC,6,3.6L,,6,
2015,Porsche,PORSCHE,PANAMERA,V8-4806 4.8L DOHC,8,4.8L,,8,
2015,Porsche,PORSCHE,PANAMERA HYBRID,V6-2995 3.0L DOHC,6,3.0L,Hybrid,6,Hybrid
2015,Rolls Royce,ROLLS ROYCE,GHOST,12-6592 6.6L DOHC,12,6.6L,,12,
2015,Rolls Royce,ROLLS ROYCE,PHANTOM,12-6749 6.7L,12,6.7L,,12,
2015,Rolls Royce,ROLLS ROYCE,WRAITH,12-6592 6.6L DOHC,12,6.6L,,12,
2015,Scion,SCION,FR-S,4-1998 2.0L DOHC,4,2.0L,,4,
2015,Scion,SCION,iQ,4-1329 1.3L DOHC,4,1.3L,,4,
2015,Scion,SCION,tC,4-2494 2.5L DOHC,4,2.5L,,4,
2015,Scion,SCION,xB,4-2362 2.4L DOHC,4,2.4L,,4,
2015,Smart,SMART,FORTWO,3-999  1.0L DOHC,3,1.0L,,3,
2015,Subaru,SUBARU,BRZ,4-1998 2.0L DOHC,4,2.0L,,4,
2015,Subaru,SUBARU,FORESTER,4-1998 2.0L DOHC,4,2.0L,,4,
2015,Subaru,SUBARU,FORESTER,4-2498 2.5L DOHC,4,2.5L,,4,
2015,Subaru,SUBARU,IMPREZA,4-1995 2.0L DOHC,4,2.0L,,4,
2015,Subaru,SUBARU,LEGACY,4-2498 2.5L DOHC,4,2.5L,,4,
2015,Subaru,SUBARU,LEGACY,6-3600 3.6L DOHC,6,3.6L,,6,
2015,Subaru,SUBARU,OUTBACK,4-2498 2.5L DOHC,4,2.5L,,4,
2015,Subaru,SUBARU,OUTBACK,6-3600 3.6L DOHC,6,3.6L,,6,
2015,Subaru,SUBARU,WRX,4-1998 2.0L DOHC,4,2.0L,,4,
2015,Subaru,SUBARU,WRX,4-2457 2.5L DOHC,4,2.5L,,4,
2015,Subaru,SUBARU,XV CROSSTREK,4-1995 2.0L DOHC,4,2.0L,,4,
2015,Subaru,SUBARU,XV CROSSTREK HYBRID,4-1995 2.0L DOHC,4,2.0L,Hybrid,4,Hybrid
2015,Toyota,TOYOTA,4 RUNNER,V6-3955 4.0L DOHC,6,4.0L,,6,
2015,Toyota,TOYOTA,AVALON,V6-3456 3.5L DOHC,6,3.5L,,6,
2015,Toyota,TOYOTA,AVALON HYBRID,4-2494 2.5L DOHC,4,2.5L,Hybrid,4,Hybrid
2015,Toyota,TOYOTA,CAMRY,4-2494 2.5L DOHC,4,2.5L,,4,
2015,Toyota,TOYOTA,CAMRY,V6-3456 3.5L DOHC,6,3.5L,,6,
2015,Toyota,TOYOTA,CAMRY HYBRID,4-2494 2.5L DOHC,4,2.5L,Hybrid,4,Hybrid
2015,Toyota,TOYOTA,COROLLA,4-1798 1.8L DOHC,4,1.8L,,4,
2015,Toyota,TOYOTA,HIGHLANDER,4-2672 2.7L DOHC,4,2.7L,,4,
2015,Toyota,TOYOTA,HIGHLANDER,V6-3456 3.5L DOHC,6,3.5L,,6,
2015,Toyota,TOYOTA,HIGHLANDER HYBRID,V6-3456 3.5L DOHC,6,3.5L,Hybrid,6,Hybrid
2015,Toyota,TOYOTA,LAND CRUISER,V8-5663 5.7L DOHC,8,5.7L,,8,
2015,Toyota,TOYOTA,PRIUS,4-1798 1.8L DOHC,4,1.8L,,4,
2015,Toyota,TOYOTA,PRIUS C,4-1497 1.5L DOHC,4,1.5L,,4,
2015,Toyota,TOYOTA,PRIUS V,4-1798 1.8L DOHC,4,1.8L,,4,
2015,Toyota,TOYOTA,RAV4,4-2494 2.5L DOHC,4,2.5L,,4,
2015,Toyota,TOYOTA,SEQUOIA,V8-5663 5.7L DOHC,8,5.7L,,8,
2015,Toyota,TOYOTA,SIENNA,V6-3456 3.5L DOHC,6,3.5L,,6,
2015,Toyota,TOYOTA,TACOMA PICKUP,4-2694 2.7L DOHC,4,2.7L,,4,
2015,Toyota,TOYOTA,TACOMA PICKUP,V6-3955 4.0L DOHC,6,4.0L,,6,
2015,Toyota,TOYOTA,TUNDRA PICKUP,V8-4608 4.6L DOHC,8,4.6L,,8,
2015,Toyota,TOYOTA,TUNDRA PICKUP,V8-5663 5.7L DOHC,8,5.7L,,8,
2015,Toyota,TOYOTA,VENZA,4-2672 2.7L DOHC,4,2.7L,,4,
2015,Toyota,TOYOTA,VENZA,V6-3456 3.5L DOHC,6,3.5L,,6,
2015,Toyota,TOYOTA,YARIS,4-1497 1.5L DOHC,4,1.5L,,4,
2015,Volkswagen,VOLKSWAGEN,BEETLE,4-1798 1.8L DOHC,4,1.8L,,4,
2015,Volkswagen,VOLKSWAGEN,BEETLE,4-1968 2.0L Dsl,4,2.0L,Diesel,4,Diesel
2015,Volkswagen,VOLKSWAGEN,BEETLE,4-1984 2.0L DOHC,4,2.0L,,4,
2015,Volkswagen,VOLKSWAGEN,CC,4-1984 2.0L DOHC,4,2.0L,,4,
2015,Volkswagen,VOLKSWAGEN,CC,V6-3597 3.6L,6,3.6L,,6,
2015,Volkswagen,VOLKSWAGEN,EOS,4-1984 2.0L DOHC,4,2.0L,,4,
2015,Volkswagen,VOLKSWAGEN,GOLF,4-1798 1.8L DOHC,4,1.8L,,4,
2015,Volkswagen,VOLKSWAGEN,GOLF,4-1968 2.0L Dsl,4,2.0L,Diesel,4,Diesel
2015,Volkswagen,VOLKSWAGEN,GOLF,4-1984 2.0L DOHC,4,2.0L,,4,
2015,Volkswagen,VOLKSWAGEN,GOLF R,4-1984 2.0L DOHC,4,2.0L,,4,
2015,Volkswagen,VOLKSWAGEN,GOLF SPORTWAGEN,4-1798 1.8L DOHC,4,1.8L,,4,
2015,Volkswagen,VOLKSWAGEN,GOLF SPORTWAGEN,4-1968 2.0L Dsl,4,2.0L,Diesel,4,Diesel
2015,Volkswagen,VOLKSWAGEN,GTI,4-1984 2.0L DOHC,4,2.0L,,4,
2015,Volkswagen,VOLKSWAGEN,JETTA,4-1798 1.8L DOHC,4,1.8L,,4,
2015,Volkswagen,VOLKSWAGEN,JETTA,4-1968 2.0L Dsl,4,2.0L,Diesel,4,Diesel
2015,Volkswagen,VOLKSWAGEN,JETTA,4-1984 2.0L SOHC,4,2.0L,,4,
2015,Volkswagen,VOLKSWAGEN,JETTA GLI,4-1984 2.0L DOHC,4,2.0L,,4,
2015,Volkswagen,VOLKSWAGEN,JETTA HYBRID,4-1395 1.4L DOHC,4,1.4L,Hybrid,4,Hybrid
2015,Volkswagen,VOLKSWAGEN,PASSAT,4-1798 1.8L DOHC,4,1.8L,,4,
2015,Volkswagen,VOLKSWAGEN,PASSAT,4-1968 2.0L Dsl,4,2.0L,Diesel,4,Diesel
2015,Volkswagen,VOLKSWAGEN,PASSAT,V6-3597 3.6L,6,3.6L,,6,
2015,Volkswagen,VOLKSWAGEN,TIGUAN,4-1984 2.0L DOHC,4,2.0L,,4,
2015,Volkswagen,VOLKSWAGEN,TOUAREG,V6-2967 3.0L Dsl,6,3.0L,Diesel,6,Diesel
2015,Volkswagen,VOLKSWAGEN,TOUAREG,V6-3597 3.6L,6,3.6L,,6,
2015,Volkswagen,VOLKSWAGEN,TOUAREG HYBRID,V6-2995 3.0L DOHC,6,3.0L,Hybrid,6,Hybrid
2015,Volvo,VOLVO,S60,4-1969 2.0L DOHC,4,2.0L,,4,
2015,Volvo,VOLVO,S60,5-2500 2.5L DOHC,5,2.5L,,5,
2015,Volvo,VOLVO,S60,6-2953 3.0L DOHC,6,3.0L,,6,
2015,Volvo,VOLVO,S80,4-1969 2.0L DOHC,4,2.0L,,4,
2015,Volvo,VOLVO,S80,6-2953 3.0L DOHC,6,3.0L,,6,
2015,Volvo,VOLVO,V60,4-1969 2.0L DOHC,4,2.0L,,4,
2015,Volvo,VOLVO,V60,5-2500 2.5L DOHC,5,2.5L,,5,
2015,Volvo,VOLVO,V60,6-2953 3.0L DOHC,6,3.0L,,6,
2015,Volvo,VOLVO,XC60,4-1969 2.0L DOHC,4,2.0L,,4,
2015,Volvo,VOLVO,XC60,5-2500 2.5L DOHC,5,2.5L,,5,
2015,Volvo,VOLVO,XC60,6-2953 3.0L DOHC,6,3.0L,,6,
2015,Volvo,VOLVO,XC60,6-3192 3.2L DOHC,6,3.2L,,6,
2015,Volvo,VOLVO,XC70,4-1969 2.0L DOHC,4,2.0L,,4,
2015,Volvo,VOLVO,XC70,6-2953 3.0L DOHC,6,3.0L,,6,
2015,Volvo,VOLVO,XC70,6-3192 3.2L DOHC,6,3.2L,,6,
